/*
SQLyog Community v13.1.9 (64 bit)
MySQL - 8.0.28 : Database - juyuso
*********************************************************************
*/

/*!40101 SET NAMES utf8 */;

/*!40101 SET SQL_MODE=''*/;

/*!40014 SET @OLD_UNIQUE_CHECKS=@@UNIQUE_CHECKS, UNIQUE_CHECKS=0 */;
/*!40014 SET @OLD_FOREIGN_KEY_CHECKS=@@FOREIGN_KEY_CHECKS, FOREIGN_KEY_CHECKS=0 */;
/*!40101 SET @OLD_SQL_MODE=@@SQL_MODE, SQL_MODE='NO_AUTO_VALUE_ON_ZERO' */;
/*!40111 SET @OLD_SQL_NOTES=@@SQL_NOTES, SQL_NOTES=0 */;
CREATE DATABASE /*!32312 IF NOT EXISTS*/`juyuso` /*!40100 DEFAULT CHARACTER SET utf8mb4 COLLATE utf8mb4_unicode_ci */ /*!80016 DEFAULT ENCRYPTION='N' */;

USE `juyuso`;

/*Table structure for table `attendance` */

DROP TABLE IF EXISTS `attendance`;

CREATE TABLE `attendance` (
  `reg_date` date NOT NULL,
  `user_id` bigint NOT NULL,
  `reg_date_time` datetime(6) DEFAULT NULL,
  PRIMARY KEY (`reg_date`,`user_id`),
  KEY `FK46cuxphi3uh5quom51s6i2q8x` (`user_id`),
  CONSTRAINT `FK46cuxphi3uh5quom51s6i2q8x` FOREIGN KEY (`user_id`) REFERENCES `user` (`id`)
) ENGINE=InnoDB DEFAULT CHARSET=utf8mb4 COLLATE=utf8mb4_unicode_ci;

/*Data for the table `attendance` */

insert  into `attendance`(`reg_date`,`user_id`,`reg_date_time`) values 
('2021-12-25',4,NULL),
('2022-01-05',4,NULL),
('2022-02-01',4,NULL),
('2022-02-02',4,'2022-02-02 18:50:42.326000'),
('2022-02-07',4,NULL),
('2022-02-08',4,'2022-02-08 14:44:22.959000'),
('2022-02-08',24,'2022-02-08 16:13:06.645000'),
('2022-02-08',38,'2022-02-08 15:25:59.104000'),
('2022-02-09',1,'2022-02-09 11:24:46.418000'),
('2022-02-09',14,'2022-02-09 11:24:35.661000'),
('2022-02-09',38,'2022-02-09 11:23:46.886000'),
('2022-02-10',14,'2022-02-10 10:18:09.023000'),
('2022-02-10',24,'2022-02-10 17:19:20.651000'),
('2022-02-10',38,'2022-02-10 00:39:11.503000'),
('2022-02-11',9,'2022-02-11 17:50:58.692000'),
('2022-02-11',38,'2022-02-11 01:04:01.019000'),
('2022-02-12',38,'2022-02-12 12:21:39.932000'),
('2022-02-13',38,'2022-02-13 00:23:51.132000'),
('2022-02-14',38,'2022-02-14 16:05:04.427000'),
('2022-02-15',1,'2022-02-15 15:03:50.971000'),
('2022-02-15',4,'2022-02-15 14:20:11.729000'),
('2022-02-15',9,'2022-02-15 15:53:10.904000'),
('2022-02-15',38,'2022-02-15 08:17:25.177000'),
('2022-02-16',1,'2022-02-16 10:30:49.428000'),
('2022-02-16',14,'2022-02-16 00:21:54.656000'),
('2022-02-16',38,'2022-02-16 15:17:16.911000'),
('2022-02-17',1,'2022-02-17 10:05:54.519000'),
('2022-02-17',14,'2022-02-17 11:42:22.995000'),
('2022-02-17',24,'2022-02-17 09:59:07.619000'),
('2022-02-17',38,'2022-02-17 00:57:34.641000'),
('2022-02-17',86,'2022-02-17 11:27:00.997000'),
('2022-02-18',38,'2022-02-18 01:38:02.526000');

/*Table structure for table `chat_room` */

DROP TABLE IF EXISTS `chat_room`;

CREATE TABLE `chat_room` (
  `chat_room_id` bigint NOT NULL AUTO_INCREMENT,
  `head_count` int NOT NULL,
  PRIMARY KEY (`chat_room_id`)
) ENGINE=InnoDB AUTO_INCREMENT=44 DEFAULT CHARSET=utf8mb4 COLLATE=utf8mb4_unicode_ci;

/*Data for the table `chat_room` */

insert  into `chat_room`(`chat_room_id`,`head_count`) values 
(30,2),
(31,2),
(32,2),
(33,2),
(34,2),
(35,2),
(36,2),
(37,2),
(38,2),
(39,2),
(40,2),
(41,2),
(42,2),
(43,2);

/*Table structure for table `chat_room_user` */

DROP TABLE IF EXISTS `chat_room_user`;

CREATE TABLE `chat_room_user` (
  `chat_room_user_id` bigint NOT NULL,
  `chat_room_id` bigint DEFAULT NULL,
  `user_id` bigint DEFAULT NULL,
  PRIMARY KEY (`chat_room_user_id`),
  KEY `FKn7wfsq1ii61la6vi9gigw4pk1` (`chat_room_id`),
  KEY `FK368skiewasavvt4ltyep63dn8` (`user_id`),
  CONSTRAINT `FK368skiewasavvt4ltyep63dn8` FOREIGN KEY (`user_id`) REFERENCES `user` (`id`),
  CONSTRAINT `FKn7wfsq1ii61la6vi9gigw4pk1` FOREIGN KEY (`chat_room_id`) REFERENCES `chat_room` (`chat_room_id`)
) ENGINE=InnoDB DEFAULT CHARSET=utf8mb4 COLLATE=utf8mb4_unicode_ci;

/*Data for the table `chat_room_user` */

insert  into `chat_room_user`(`chat_room_user_id`,`chat_room_id`,`user_id`) values 
(231,30,4),
(232,30,82),
(236,31,4),
(237,31,83),
(239,32,4),
(240,32,84),
(245,33,38),
(246,33,1),
(247,34,4),
(248,34,38),
(249,35,24),
(250,35,38),
(254,36,4),
(255,36,24),
(258,37,14),
(259,37,86),
(261,38,14),
(262,38,4),
(268,39,82),
(269,39,14),
(273,40,1),
(274,40,4),
(279,41,9),
(280,41,38),
(282,42,4),
(283,42,92),
(289,43,38),
(290,43,92);

/*Table structure for table `drinking_category` */

DROP TABLE IF EXISTS `drinking_category`;

CREATE TABLE `drinking_category` (
  `drinking_category_id` bigint NOT NULL AUTO_INCREMENT,
  `name` varchar(255) COLLATE utf8mb4_unicode_ci DEFAULT NULL,
  PRIMARY KEY (`drinking_category_id`)
) ENGINE=InnoDB AUTO_INCREMENT=3 DEFAULT CHARSET=utf8mb4 COLLATE=utf8mb4_unicode_ci;

/*Data for the table `drinking_category` */

insert  into `drinking_category`(`drinking_category_id`,`name`) values 
(1,'소주'),
(2,'맥주');

/*Table structure for table `drinking_history` */

DROP TABLE IF EXISTS `drinking_history`;

CREATE TABLE `drinking_history` (
  `drinking_history_id` bigint NOT NULL AUTO_INCREMENT,
  `drinking_time` datetime(6) DEFAULT NULL,
  `quantity` bigint DEFAULT NULL,
  `drinking_category_id` bigint DEFAULT NULL,
  `user_id` bigint DEFAULT NULL,
  PRIMARY KEY (`drinking_history_id`),
  KEY `FK8ud6bp8ihtg91cu553ddt3g9b` (`drinking_category_id`),
  KEY `FKes55k72lb6kusunk057tqyuq4` (`user_id`),
  CONSTRAINT `FK8ud6bp8ihtg91cu553ddt3g9b` FOREIGN KEY (`drinking_category_id`) REFERENCES `drinking_category` (`drinking_category_id`),
  CONSTRAINT `FKes55k72lb6kusunk057tqyuq4` FOREIGN KEY (`user_id`) REFERENCES `user` (`id`)
) ENGINE=InnoDB AUTO_INCREMENT=424 DEFAULT CHARSET=utf8mb4 COLLATE=utf8mb4_unicode_ci;

/*Data for the table `drinking_history` */

insert  into `drinking_history`(`drinking_history_id`,`drinking_time`,`quantity`,`drinking_category_id`,`user_id`) values 
(172,'2022-02-17 00:00:00.000000',1,1,38),
(173,'2022-02-17 00:00:00.000000',3,2,38),
(174,'2022-02-17 00:00:00.000000',1,1,38),
(175,'2022-02-17 00:00:00.000000',1,1,38),
(176,'2022-02-17 09:57:44.897000',1,1,4),
(177,'2022-02-17 09:57:44.900000',1,2,4),
(178,'2022-02-17 00:00:00.000000',1,1,24),
(179,'2022-02-17 00:00:00.000000',7,1,38),
(180,'2022-02-17 10:20:40.731000',123,1,9),
(181,'2022-02-17 10:20:40.759000',456,2,9),
(182,'2022-02-17 10:20:42.514000',123,1,9),
(183,'2022-02-17 10:20:42.538000',456,2,9),
(184,'2022-02-17 10:23:11.118000',123,1,9),
(185,'2022-02-17 10:23:11.143000',456,2,9),
(186,'2022-02-17 10:23:13.195000',123,1,9),
(187,'2022-02-17 10:23:13.220000',456,2,9),
(188,'2022-02-17 10:26:32.152000',6,1,1),
(189,'2022-02-17 10:26:32.155000',5,2,1),
(190,'2022-02-17 10:27:56.450000',123,1,9),
(191,'2022-02-17 10:27:56.487000',123,2,9),
(192,'2022-02-17 10:37:42.813000',15,1,9),
(193,'2022-02-17 10:37:42.851000',25,2,9),
(200,'2021-10-16 10:37:42.851000',3,1,4),
(211,'2021-10-17 10:37:42.851000',3,1,4),
(222,'2021-10-18 10:37:42.851000',3,1,4),
(223,'2021-10-20 10:37:42.851000',3,1,4),
(224,'2021-10-21 10:37:42.851000',3,1,4),
(225,'2021-10-23 10:37:42.851000',2,1,4),
(226,'2021-10-30 10:37:42.851000',2,1,4),
(227,'2021-11-05 10:37:42.851000',3,1,4),
(228,'2021-11-11 10:37:42.851000',2,1,4),
(229,'2021-11-13 10:37:42.851000',3,1,4),
(230,'2021-11-14 10:37:42.851000',3,1,4),
(231,'2021-11-16 10:37:42.851000',3,1,4),
(232,'2021-11-17 10:37:42.851000',3,1,4),
(233,'2021-11-18 10:37:42.851000',2,1,4),
(234,'2021-11-19 10:37:42.851000',3,1,4),
(235,'2021-11-23 10:37:42.851000',2,1,4),
(236,'2021-11-26 10:37:42.851000',2,1,4),
(237,'2021-11-27 10:37:42.851000',3,1,4),
(238,'2021-11-28 10:37:42.851000',2,1,4),
(239,'2021-11-29 10:37:42.851000',2,1,4),
(240,'2021-11-30 10:37:42.851000',3,1,4),
(241,'2021-10-25 10:37:42.851000',3,1,4),
(242,'2021-10-26 10:37:42.851000',3,1,4),
(243,'2021-10-27 10:37:42.851000',3,1,4),
(244,'2021-12-01 10:37:42.851000',3,1,4),
(245,'2021-12-03 10:37:42.851000',3,1,4),
(246,'2021-12-06 10:37:42.851000',2,1,4),
(247,'2021-12-10 10:37:42.851000',4,1,4),
(248,'2022-02-17 00:00:00.000000',1,1,4),
(249,'2021-12-11 10:37:42.851000',3,1,4),
(250,'2021-12-12 10:37:42.851000',3,1,4),
(251,'2021-12-08 10:37:42.851000',3,1,4),
(252,'2021-12-12 10:37:42.851000',1,1,4),
(253,'2021-12-14 10:37:42.851000',2,1,4),
(254,'2021-12-16 10:37:42.851000',3,1,4),
(255,'2021-12-18 10:37:42.851000',4,1,4),
(256,'2021-12-19 10:37:42.851000',4,1,4),
(257,'2021-12-20 10:37:42.851000',3,1,4),
(258,'2021-12-21 10:37:42.851000',3,1,4),
(259,'2021-12-22 10:37:42.851000',3,1,4),
(260,'2021-12-23 10:37:42.851000',3,1,4),
(261,'2021-12-25 10:37:42.851000',2,1,4),
(262,'2021-12-27 10:37:42.851000',3,1,4),
(263,'2021-12-29 10:37:42.851000',2,1,4),
(264,'2021-12-30 10:37:42.851000',4,1,4),
(265,'2021-12-31 10:37:42.851000',3,1,4),
(266,'2022-01-01 10:37:42.851000',3,1,4),
(267,'2022-01-02 10:37:42.851000',2,1,4),
(268,'2022-01-03 10:37:42.851000',2,1,4),
(269,'2022-01-04 10:37:42.851000',3,1,4),
(270,'2022-01-06 10:37:42.851000',3,1,4),
(271,'2022-01-08 10:37:42.851000',3,1,4),
(272,'2022-01-10 10:37:42.851000',4,1,4),
(273,'2022-01-11 10:37:42.851000',3,1,4),
(274,'2022-01-12 10:37:42.851000',4,1,4),
(275,'2022-01-14 10:37:42.851000',3,1,4),
(276,'2022-01-15 10:37:42.851000',4,1,4),
(277,'2022-01-17 10:37:42.851000',2,1,4),
(278,'2022-01-18 10:37:42.851000',3,1,4),
(279,'2022-01-20 10:37:42.851000',4,1,4),
(280,'2022-01-23 10:37:42.851000',2,1,4),
(281,'2022-01-24 10:37:42.851000',3,1,4),
(282,'2022-01-27 10:37:42.851000',4,1,4),
(283,'2022-01-28 10:37:42.851000',3,1,4),
(284,'2022-01-30 10:37:42.851000',4,1,4),
(285,'2022-02-02 10:37:42.851000',2,1,4),
(286,'2022-02-03 10:37:42.851000',2,1,4),
(287,'2022-02-04 10:37:42.851000',1,1,4),
(288,'2022-02-07 10:37:42.851000',2,1,4),
(289,'2022-02-08 10:37:42.851000',2,1,4),
(290,'2022-02-09 10:37:42.851000',2,1,4),
(291,'2022-02-12 10:37:42.851000',1,1,4),
(292,'2022-02-13 10:37:42.851000',3,1,4),
(293,'2022-02-16 10:37:42.851000',3,1,4),
(294,'2022-02-17 00:00:00.000000',3,2,86),
(295,'2022-02-17 00:00:00.000000',3,2,86),
(340,'2021-09-30 10:37:42.851000',3,1,4),
(341,'2021-09-20 10:37:42.851000',2,1,4),
(342,'2021-09-23 10:37:42.851000',3,1,4),
(343,'2021-09-27 10:37:42.851000',2,1,4),
(344,'2021-09-28 10:37:42.851000',3,1,4),
(345,'2021-09-10 10:37:42.851000',4,1,4),
(346,'2021-09-11 10:37:42.851000',2,1,4),
(347,'2021-09-15 10:37:42.851000',3,1,4),
(348,'2021-09-17 10:37:42.851000',4,1,4),
(349,'2021-09-18 10:37:42.851000',3,1,4),
(350,'2021-09-19 10:37:42.851000',2,1,4),
(351,'2021-08-18 10:37:42.851000',2,1,4),
(352,'2021-08-16 10:37:42.851000',3,1,4),
(353,'2021-08-20 10:37:42.851000',4,1,4),
(354,'2021-08-25 10:37:42.851000',3,1,4),
(355,'2021-08-28 10:37:42.851000',3,1,4),
(356,'2021-08-02 10:37:42.851000',3,1,4),
(357,'2021-08-03 10:37:42.851000',3,1,4),
(358,'2021-08-07 10:37:42.851000',3,1,4),
(359,'2021-08-08 10:37:42.851000',3,1,4),
(360,'2021-08-09 10:37:42.851000',3,1,4),
(361,'2021-07-02 10:37:42.851000',2,1,4),
(362,'2021-07-03 10:37:42.851000',2,1,4),
(363,'2021-07-07 10:37:42.851000',2,1,4),
(364,'2021-07-10 10:37:42.851000',3,1,4),
(365,'2021-07-11 10:37:42.851000',2,1,4),
(366,'2021-07-18 10:37:42.851000',3,1,4),
(367,'2021-07-19 10:37:42.851000',2,1,4),
(368,'2021-07-22 10:37:42.851000',3,1,4),
(369,'2021-07-25 10:37:42.851000',2,1,4),
(370,'2021-07-26 10:37:42.851000',3,1,4),
(371,'2021-07-29 10:37:42.851000',4,1,4),
(372,'2021-06-22 10:37:42.851000',3,1,4),
(373,'2021-06-24 10:37:42.851000',2,1,4),
(374,'2021-06-25 10:37:42.851000',3,1,4),
(375,'2021-06-28 10:37:42.851000',3,1,4),
(376,'2021-06-12 10:37:42.851000',2,1,4),
(377,'2021-06-13 10:37:42.851000',3,1,4),
(378,'2021-06-17 10:37:42.851000',3,1,4),
(379,'2021-06-02 10:37:42.851000',2,1,4),
(380,'2021-06-03 10:37:42.851000',2,1,4),
(381,'2021-06-04 10:37:42.851000',3,1,4),
(382,'2021-06-08 10:37:42.851000',4,1,4),
(383,'2021-06-09 10:37:42.851000',3,1,4),
(384,'2021-05-30 10:37:42.851000',3,1,4),
(385,'2022-02-17 00:00:00.000000',4,1,14),
(386,'2022-02-17 13:46:39.098000',3,1,89),
(387,'2022-02-17 13:46:39.105000',8,2,89),
(388,'2022-02-17 00:00:00.000000',7,1,38),
(389,'2022-02-17 14:21:47.016000',1,1,38),
(390,'2022-02-17 14:21:47.028000',2,2,38),
(391,'2022-02-17 15:12:26.775000',3,1,9),
(392,'2022-02-17 15:12:26.782000',2,2,9),
(393,'2022-02-17 15:31:32.022000',4,1,1),
(394,'2022-02-17 15:31:32.025000',2,2,1),
(395,'2022-02-17 15:32:15.600000',4,1,9),
(396,'2022-02-17 15:32:15.604000',3,2,9),
(397,'2022-02-17 15:33:30.043000',5,1,38),
(398,'2022-02-17 15:33:30.046000',3,2,38),
(399,'2022-02-17 16:02:34.804000',2,2,14),
(400,'2022-02-17 16:23:09.362000',3,2,14),
(401,'2022-02-17 00:00:00.000000',6,2,14),
(402,'2022-02-17 16:25:16.466000',3,1,9),
(403,'2022-02-17 16:25:16.469000',3,2,9),
(404,'2022-02-17 00:00:00.000000',21,1,9),
(405,'2022-02-17 00:00:00.000000',9,2,9),
(406,'2022-02-17 00:00:00.000000',21,1,9),
(407,'2022-02-17 00:00:00.000000',9,2,9),
(408,'2022-02-17 16:28:21.488000',2,1,85),
(409,'2022-02-17 17:46:42.035000',1,1,1),
(410,'2022-02-17 17:46:42.043000',1,2,1),
(411,'2022-02-17 22:54:04.417000',1,1,14),
(412,'2022-02-17 22:54:04.424000',1,2,14),
(413,'2022-02-17 23:11:08.256000',1,2,14),
(414,'2022-02-17 00:00:00.000000',3,2,38),
(415,'2022-02-18 00:00:00.000000',7,1,93),
(416,'2022-02-18 00:00:00.000000',35,1,38),
(417,'2022-02-18 03:14:58.706000',2,1,92),
(418,'2022-02-18 03:14:58.709000',2,2,92),
(419,'2022-02-18 10:23:52.349000',4,1,92),
(420,'2022-02-18 10:23:52.356000',3,2,92),
(421,'2022-02-18 10:24:48.478000',4,1,38),
(422,'2022-02-18 11:08:53.079000',2,1,92),
(423,'2022-02-18 11:08:53.083000',2,2,92);

/*Table structure for table `friend` */

DROP TABLE IF EXISTS `friend`;

CREATE TABLE `friend` (
  `friend_id` bigint NOT NULL AUTO_INCREMENT,
  `from_id` bigint DEFAULT NULL,
  `to_id` bigint DEFAULT NULL,
  `user_id` bigint DEFAULT NULL,
  PRIMARY KEY (`friend_id`),
  KEY `FKcchyh2qqhhpl6hik18x9fkko9` (`from_id`),
  KEY `FK3uu8s7yyof1qmenthngm24hry` (`to_id`),
  CONSTRAINT `FK3uu8s7yyof1qmenthngm24hry` FOREIGN KEY (`to_id`) REFERENCES `user` (`id`),
  CONSTRAINT `FKcchyh2qqhhpl6hik18x9fkko9` FOREIGN KEY (`from_id`) REFERENCES `user` (`id`)
) ENGINE=InnoDB AUTO_INCREMENT=879 DEFAULT CHARSET=utf8mb4 COLLATE=utf8mb4_unicode_ci;

/*Data for the table `friend` */

insert  into `friend`(`friend_id`,`from_id`,`to_id`,`user_id`) values 
(827,4,82,NULL),
(828,82,4,NULL),
(829,4,83,NULL),
(830,83,4,NULL),
(831,4,84,NULL),
(832,84,4,NULL),
(833,24,38,NULL),
(834,38,24,NULL),
(841,38,4,NULL),
(842,4,38,NULL),
(843,86,14,NULL),
(844,14,86,NULL),
(861,38,9,NULL),
(862,9,38,NULL),
(865,92,14,NULL),
(866,14,92,NULL),
(867,92,38,NULL),
(868,38,92,NULL),
(871,92,85,NULL),
(872,85,92,NULL),
(873,92,9,NULL),
(874,9,92,NULL),
(877,94,85,NULL),
(878,85,94,NULL);

/*Table structure for table `friend_ban` */

DROP TABLE IF EXISTS `friend_ban`;

CREATE TABLE `friend_ban` (
  `ban_id` bigint NOT NULL AUTO_INCREMENT,
  `ban_user_id` bigint DEFAULT NULL,
  `user_id` bigint DEFAULT NULL,
  PRIMARY KEY (`ban_id`),
  KEY `FKm51je53cb1inini7u2t6ppivv` (`ban_user_id`),
  KEY `FKexcrc3rt2ait0vrhqx2pjpe2t` (`user_id`),
  CONSTRAINT `FKexcrc3rt2ait0vrhqx2pjpe2t` FOREIGN KEY (`user_id`) REFERENCES `user` (`id`),
  CONSTRAINT `FKm51je53cb1inini7u2t6ppivv` FOREIGN KEY (`ban_user_id`) REFERENCES `user` (`id`)
) ENGINE=InnoDB AUTO_INCREMENT=71 DEFAULT CHARSET=utf8mb4 COLLATE=utf8mb4_unicode_ci;

/*Data for the table `friend_ban` */

/*Table structure for table `friend_request` */

DROP TABLE IF EXISTS `friend_request`;

CREATE TABLE `friend_request` (
  `friend_request_id` bigint NOT NULL,
  `from_id` bigint DEFAULT NULL,
  `to_id` bigint DEFAULT NULL,
  PRIMARY KEY (`friend_request_id`),
  KEY `FK2i5vs0gvcgigap6yxyvrc9o2c` (`from_id`),
  KEY `FKr5sl9dijk0gvc18kfa24rxpkg` (`to_id`),
  CONSTRAINT `FK2i5vs0gvcgigap6yxyvrc9o2c` FOREIGN KEY (`from_id`) REFERENCES `user` (`id`),
  CONSTRAINT `FKr5sl9dijk0gvc18kfa24rxpkg` FOREIGN KEY (`to_id`) REFERENCES `user` (`id`)
) ENGINE=InnoDB DEFAULT CHARSET=utf8mb4 COLLATE=utf8mb4_unicode_ci;

/*Data for the table `friend_request` */

insert  into `friend_request`(`friend_request_id`,`from_id`,`to_id`) values 
(256,1,24);

/*Table structure for table `hash_tag` */

DROP TABLE IF EXISTS `hash_tag`;

CREATE TABLE `hash_tag` (
  `hash_tag_id` bigint NOT NULL AUTO_INCREMENT,
  `tag` varchar(255) COLLATE utf8mb4_unicode_ci DEFAULT NULL,
  `meeting_id` bigint DEFAULT NULL,
  PRIMARY KEY (`hash_tag_id`),
  KEY `FKnqjiq1m38wmbty9ufy7r250jv` (`meeting_id`),
  CONSTRAINT `FKnqjiq1m38wmbty9ufy7r250jv` FOREIGN KEY (`meeting_id`) REFERENCES `meeting` (`meeting_id`)
) ENGINE=InnoDB AUTO_INCREMENT=127 DEFAULT CHARSET=utf8mb4 COLLATE=utf8mb4_unicode_ci;

/*Data for the table `hash_tag` */

insert  into `hash_tag`(`hash_tag_id`,`tag`,`meeting_id`) values 
(91,'부산',64),
(92,'부산 20 친구',71),
(93,'찜닭',72),
(94,'맥주',72),
(95,'소주',72),
(96,'부산',73),
(97,'ㅁㄴㅇ',74),
(98,'ㅁㄴㅇ2',75),
(99,'술',76),
(100,'친구',76),
(101,'술',77),
(102,'친구',77),
(103,'후라이드',78),
(104,'양념',78),
(105,'배고파',79),
(106,'뭐먹지',79),
(107,'쟁반같이',80),
(108,'둥근방',80),
(109,'프로젝트',81),
(110,'끝',81),
(111,'친구',86),
(112,'술',86),
(113,'냥념',105),
(114,'취킨',106),
(115,'해시',108),
(116,'ㅎㅁㅁㅇㄴ',109),
(117,'취취킨',115),
(118,'양념취킨',118),
(119,'츀',119),
(120,'취킨',120),
(121,'취킨',123),
(122,'치킨',125),
(123,'통닭',125),
(124,'테스트',126),
(125,'치킨',127),
(126,'소주',127);

/*Table structure for table `hibernate_sequence` */

DROP TABLE IF EXISTS `hibernate_sequence`;

CREATE TABLE `hibernate_sequence` (
  `next_val` bigint DEFAULT NULL
) ENGINE=InnoDB DEFAULT CHARSET=utf8mb4 COLLATE=utf8mb4_unicode_ci;

/*Data for the table `hibernate_sequence` */

insert  into `hibernate_sequence`(`next_val`) values 
(293);

/*Table structure for table `meeting` */

DROP TABLE IF EXISTS `meeting`;

CREATE TABLE `meeting` (
  `meeting_id` bigint NOT NULL AUTO_INCREMENT,
  `active` bit(1) NOT NULL,
  `call_end_time` datetime(6) DEFAULT NULL,
  `call_start_time` datetime(6) NOT NULL,
  `common` bit(1) NOT NULL,
  `password` varchar(255) COLLATE utf8mb4_unicode_ci NOT NULL,
  `title` varchar(255) COLLATE utf8mb4_unicode_ci NOT NULL,
  `owner_id` bigint DEFAULT NULL,
  `url` varchar(255) COLLATE utf8mb4_unicode_ci NOT NULL,
  `cnt` int NOT NULL DEFAULT '0',
  PRIMARY KEY (`meeting_id`),
  KEY `FKbfqt1aw0yrvne5wjontkps4uu` (`owner_id`),
  CONSTRAINT `FKbfqt1aw0yrvne5wjontkps4uu` FOREIGN KEY (`owner_id`) REFERENCES `user` (`id`)
) ENGINE=InnoDB AUTO_INCREMENT=128 DEFAULT CHARSET=utf8mb4 COLLATE=utf8mb4_unicode_ci;

/*Data for the table `meeting` */

insert  into `meeting`(`meeting_id`,`active`,`call_end_time`,`call_start_time`,`common`,`password`,`title`,`owner_id`,`url`,`cnt`) values 
(63,'','2022-02-17 09:08:02.531000','2022-02-17 09:08:02.531000','\0','a3','피곤한 사람 모여~',38,'1',0),
(64,'\0','2022-02-17 09:09:54.270000','2022-02-17 09:09:54.270000','\0','a3','술 마실사람~',4,'1',1),
(65,'','2022-02-17 09:31:09.207000','2022-02-17 09:31:09.207000','\0','a3','혼자 먹기 외로워',83,'3',0),
(66,'','2022-02-17 09:31:29.638000','2022-02-17 09:31:29.638000','\0','a3','아침 마감반',83,'3',0),
(67,'\0','2022-02-17 09:31:50.982000','2022-02-17 09:31:50.982000','\0','a3','마! 약하나',83,'3',1),
(68,'','2022-02-17 09:32:16.264000','2022-02-17 09:32:16.264000','\0','a3','우리방 잘생긴사람 있어요',83,'3',0),
(69,'','2022-02-17 09:53:18.559000','2022-02-17 09:53:18.559000','\0','a3','오늘 끝까지 갈사람만!',4,'4',0),
(70,'','2022-02-17 09:54:17.960000','2022-02-17 09:54:17.960000','\0','a3','오늘 생일이에요!',4,'1',0),
(71,'','2022-02-17 10:25:25.568000','2022-02-17 10:25:25.568000','\0','a3','오늘 술 먹자',9,'1',0),
(72,'','2022-02-17 10:29:46.985000','2022-02-17 10:29:46.985000','\0','a3','안주는 찜닭',1,'4',0),
(73,'\0','2022-02-17 10:36:51.443000','2022-02-17 10:36:51.443000','\0','a3','하이',9,'1',1),
(74,'\0','2022-02-17 10:40:33.848000','2022-02-17 10:40:33.848000','\0','a3','인원수',9,'1',1),
(75,'\0','2022-02-17 10:40:48.768000','2022-02-17 10:40:48.768000','\0','a3','하이',9,'1',1),
(76,'\0','2022-02-17 11:02:12.696000','2022-02-17 11:02:12.696000','\0','a3','오늘 같이 즐겁게 마셔요~',14,'1',1),
(77,'\0','2022-02-17 11:06:21.160000','2022-02-17 11:06:21.160000','\0','a3','같이 술 마셔요!',14,'1',1),
(78,'\0','2022-02-17 13:50:18.561000','2022-02-17 13:50:18.561000','\0','a3','나는 똥집',38,'2',1),
(79,'\0','2022-02-17 13:53:48.442000','2022-02-17 13:53:48.442000','\0','a3','배고픈방~~~',1,'1',1),
(80,'\0','2022-02-17 13:59:26.173000','2022-02-17 13:59:26.173000','\0','a3','방방 무슨방',4,'4',1),
(81,'','2022-02-17 14:00:20.137000','2022-02-17 14:00:20.137000','\0','a3','오늘 정말 프로젝트 끝',4,'2',0),
(82,'\0','2022-02-17 14:01:22.348000','2022-02-17 14:01:22.348000','\0','a3','테슷흐',4,'3',1),
(83,'\0','2022-02-17 15:53:40.853000','2022-02-17 15:53:40.853000','\0','a3','배고픈방',4,'3',1),
(84,'\0','2022-02-17 16:11:45.349000','2022-02-17 16:11:45.349000','\0','a3','잘생긴방',4,'1',1),
(85,'\0','2022-02-17 16:14:24.028000','2022-02-17 16:14:24.028000','\0','a3','잘생긴 방',4,'1',1),
(86,'\0','2022-02-17 16:39:35.591000','2022-02-17 16:39:35.591000','\0','a3','우리 같이 놀자~~',14,'3',1),
(87,'\0','2022-02-17 17:19:05.443000','2022-02-17 17:19:05.443000','\0','a3','방방',1,'1',1),
(88,'','2022-02-17 17:25:32.789000','2022-02-17 17:25:32.789000','\0','a3','마지막방',4,'4',0),
(89,'\0','2022-02-17 20:13:05.315000','2022-02-17 20:13:05.315000','\0','a3','테스트!',85,'2',1),
(90,'\0','2022-02-17 20:27:16.065000','2022-02-17 20:27:16.065000','\0','a3','aaaa',85,'1',1),
(91,'\0','2022-02-17 20:31:50.223000','2022-02-17 20:31:50.222000','\0','a3','테스트방 8시31분생성',4,'2',1),
(92,'','2022-02-17 20:44:47.231000','2022-02-17 20:44:47.231000','\0','a3','방 개설 테스트 20:45',4,'1',0),
(93,'\0','2022-02-17 20:45:52.221000','2022-02-17 20:45:52.221000','\0','a3','ㅁㄴㅇㄹ',4,'1',1),
(94,'','2022-02-17 20:46:58.752000','2022-02-17 20:46:58.752000','\0','a3','테스트용',4,'1',0),
(95,'\0','2022-02-17 20:47:27.639000','2022-02-17 20:47:27.639000','\0','a3','ㅁㄴㅇㄹ',4,'1',1),
(96,'','2022-02-17 20:49:48.420000','2022-02-17 20:49:48.420000','\0','a3','들어오면 안되요',4,'1',0),
(97,'\0','2022-02-17 20:57:21.954000','2022-02-17 20:57:21.954000','\0','a3','ㅁㅁㄴㅇㄹㄴㅇㄹㅇ',4,'1',1),
(98,'','2022-02-17 20:57:51.364000','2022-02-17 20:57:51.364000','\0','a3','비밀의방~~!!',4,'1',0),
(99,'\0','2022-02-17 20:59:23.364000','2022-02-17 20:59:23.364000','\0','a3','ㅁㅁㅁㅁ',4,'1',1),
(100,'\0','2022-02-17 21:00:02.793000','2022-02-17 21:00:02.793000','\0','a3','ㅁㄴㅇㄹ',4,'1',1),
(101,'','2022-02-17 21:00:25.320000','2022-02-17 21:00:25.320000','\0','a3','테스트방2',4,'1',0),
(102,'\0','2022-02-17 21:03:37.770000','2022-02-17 21:03:37.770000','\0','a3','ㅁㄴㅇㄹㄴㅇㅇ',4,'1',0),
(103,'\0','2022-02-17 21:04:04.801000','2022-02-17 21:04:04.801000','\0','a3','ㄱㄱㄱㄱ',4,'1',1),
(104,'\0','2022-02-17 21:11:47.280000','2022-02-17 21:11:47.279000','\0','a3','지금 만들어볼게요',14,'2',1),
(105,'\0','2022-02-17 21:12:10.062000','2022-02-17 21:12:10.062000','\0','a3','취킨은 후라이드',38,'1',1),
(106,'\0','2022-02-17 21:14:41.280000','2022-02-17 21:14:41.280000','','a3','취킨',38,'2',1),
(107,'\0','2022-02-17 21:16:39.495000','2022-02-17 21:16:39.495000','','','취킨',38,'1',1),
(108,'\0','2022-02-17 21:52:31.547000','2022-02-17 21:52:31.547000','','','테스트룸',4,'1',1),
(109,'\0','2022-02-17 21:55:23.283000','2022-02-17 21:55:23.283000','','','테스트룸',4,'1',1),
(110,'\0','2022-02-17 21:58:37.195000','2022-02-17 21:58:37.195000','','','ㅇㄹㅇㅎㅀ',4,'1',1),
(111,'\0','2022-02-17 22:37:50.408000','2022-02-17 22:37:50.408000','','','asdf',4,'1',1),
(112,'\0','2022-02-17 22:41:06.028000','2022-02-17 22:41:06.028000','','','asdf',4,'1',1),
(113,'\0','2022-02-17 22:42:44.148000','2022-02-17 22:42:44.148000','','','asdf',4,'1',1),
(114,'\0','2022-02-17 22:51:38.219000','2022-02-17 22:51:38.219000','','','ffff',85,'1',1),
(115,'\0','2022-02-17 22:52:01.375000','2022-02-17 22:52:01.375000','','','취킨',38,'2',1),
(116,'\0','2022-02-17 22:53:30.817000','2022-02-17 22:53:30.817000','','','취킨',38,'2',1),
(117,'\0','2022-02-17 22:57:04.628000','2022-02-17 22:57:04.628000','','','ertert',85,'1',1),
(118,'\0','2022-02-17 23:20:25.830000','2022-02-17 23:20:25.830000','\0','','양념취킨',38,'2',0),
(119,'\0','2022-02-17 23:22:17.041000','2022-02-17 23:22:17.041000','','','췩',38,'2',1),
(120,'\0','2022-02-18 01:33:09.996000','2022-02-18 01:33:09.996000','','','냥념',38,'2',1),
(121,'\0','2022-02-18 01:54:43.382000','2022-02-18 01:54:43.382000','','','취킨',38,'1',1),
(122,'\0','2022-02-18 02:33:59.535000','2022-02-18 02:33:59.535000','','','방생성',92,'4',1),
(123,'\0','2022-02-18 10:09:42.251000','2022-02-18 10:09:42.251000','','','취킨',38,'4',1),
(124,'\0','2022-02-18 10:09:45.828000','2022-02-18 10:09:45.828000','','','리허설',4,'3',1),
(125,'\0','2022-02-18 10:15:56.966000','2022-02-18 10:15:56.966000','','','안녕하세요',92,'3',1),
(126,'','2022-02-18 10:32:31.882000','2022-02-18 10:32:31.882000','','','방 개설 테스트',1,'2',3),
(127,'\0','2022-02-18 11:01:06.305000','2022-02-18 11:01:06.305000','','','방이름',92,'3',1);

/*Table structure for table `meeting_history` */

DROP TABLE IF EXISTS `meeting_history`;

CREATE TABLE `meeting_history` (
  `meeting_history_id` bigint NOT NULL AUTO_INCREMENT,
  `action` varchar(255) COLLATE utf8mb4_unicode_ci DEFAULT NULL,
  `inserted_time` datetime(6) DEFAULT NULL,
  `meeting_id` bigint DEFAULT NULL,
  `user_id` bigint DEFAULT NULL,
  PRIMARY KEY (`meeting_history_id`),
  KEY `FK55skcckpe01o1ymy8yp0x8d6o` (`meeting_id`),
  KEY `FKmk82bhbb8nfq1fxxn1pawalhk` (`user_id`),
  CONSTRAINT `FK55skcckpe01o1ymy8yp0x8d6o` FOREIGN KEY (`meeting_id`) REFERENCES `meeting` (`meeting_id`),
  CONSTRAINT `FKmk82bhbb8nfq1fxxn1pawalhk` FOREIGN KEY (`user_id`) REFERENCES `user` (`id`)
) ENGINE=InnoDB AUTO_INCREMENT=809 DEFAULT CHARSET=utf8mb4 COLLATE=utf8mb4_unicode_ci;

/*Data for the table `meeting_history` */

insert  into `meeting_history`(`meeting_history_id`,`action`,`inserted_time`,`meeting_id`,`user_id`) values 
(258,'생성','2022-02-17 09:08:02.571000',63,38),
(259,'생성','2022-02-17 09:09:54.290000',64,4),
(260,'생성','2022-02-17 09:31:09.222000',65,83),
(261,'생성','2022-02-17 09:31:29.655000',66,83),
(262,'생성','2022-02-17 09:31:50.997000',67,83),
(263,'생성','2022-02-17 09:32:16.280000',68,83),
(264,'생성','2022-02-17 09:53:18.575000',69,4),
(265,'생성','2022-02-17 09:54:17.975000',70,4),
(266,'입장','2022-02-17 09:55:59.134000',70,1),
(267,'퇴장','2022-02-17 09:56:14.489000',70,1),
(268,'입장','2022-02-17 09:56:51.080000',70,4),
(269,'퇴장','2022-02-17 09:57:19.904000',70,4),
(270,'입장','2022-02-17 09:57:36.837000',70,4),
(271,'퇴장','2022-02-17 09:57:44.886000',70,4),
(272,'입장','2022-02-17 10:06:34.605000',70,4),
(273,'입장','2022-02-17 10:06:46.124000',70,24),
(274,'입장','2022-02-17 10:06:52.922000',70,1),
(275,'입장','2022-02-17 10:06:59.776000',70,38),
(276,'입장','2022-02-17 10:07:16.700000',70,9),
(277,'입장','2022-02-17 10:07:28.069000',70,4),
(278,'퇴장','2022-02-17 10:10:44.680000',70,9),
(279,'퇴장','2022-02-17 10:10:45.642000',70,24),
(280,'퇴장','2022-02-17 10:10:45.825000',70,4),
(281,'퇴장','2022-02-17 10:10:47.958000',70,38),
(282,'퇴장','2022-02-17 10:10:48.110000',70,1),
(283,'입장','2022-02-17 10:11:10.640000',70,38),
(284,'퇴장','2022-02-17 10:11:16.481000',70,38),
(285,'입장','2022-02-17 10:20:33.027000',63,9),
(286,'입장','2022-02-17 10:20:35.251000',63,9),
(287,'퇴장','2022-02-17 10:20:40.651000',63,9),
(288,'퇴장','2022-02-17 10:20:42.434000',63,9),
(289,'퇴장','2022-02-17 10:23:11.051000',64,9),
(290,'퇴장','2022-02-17 10:23:13.120000',64,9),
(291,'생성','2022-02-17 10:25:25.769000',71,9),
(292,'입장','2022-02-17 10:26:21.106000',66,1),
(293,'퇴장','2022-02-17 10:26:32.139000',66,1),
(294,'입장','2022-02-17 10:27:03.441000',71,9),
(295,'퇴장','2022-02-17 10:27:25.950000',71,9),
(296,'퇴장','2022-02-17 10:27:56.304000',71,9),
(297,'생성','2022-02-17 10:29:47.007000',72,1),
(298,'생성','2022-02-17 10:36:51.809000',73,9),
(299,'입장','2022-02-17 10:37:07.512000',73,9),
(300,'퇴장','2022-02-17 10:37:42.697000',73,9),
(301,'생성','2022-02-17 10:40:34.002000',74,9),
(302,'생성','2022-02-17 10:40:48.847000',75,9),
(303,'입장','2022-02-17 10:41:28.886000',75,9),
(304,'입장','2022-02-17 10:41:32.222000',75,1),
(305,'퇴장','2022-02-17 10:41:44.256000',75,1),
(306,'퇴장','2022-02-17 10:41:53.314000',75,9),
(307,'입장','2022-02-17 10:43:42.024000',74,9),
(308,'퇴장','2022-02-17 10:43:45.202000',74,9),
(309,'입장','2022-02-17 10:48:24.603000',65,24),
(310,'입장','2022-02-17 10:48:32.924000',66,1),
(311,'퇴장','2022-02-17 10:48:54.456000',65,24),
(312,'입장','2022-02-17 10:49:04.943000',66,24),
(313,'입장','2022-02-17 10:49:07.860000',65,9),
(314,'퇴장','2022-02-17 10:49:26.537000',65,9),
(315,'퇴장','2022-02-17 10:49:43.168000',66,24),
(316,'입장','2022-02-17 10:49:48.579000',71,9),
(317,'퇴장','2022-02-17 10:49:50.252000',66,1),
(318,'퇴장','2022-02-17 10:49:51.565000',71,9),
(319,'입장','2022-02-17 10:49:57.674000',66,9),
(320,'퇴장','2022-02-17 10:50:00.345000',66,9),
(321,'입장','2022-02-17 10:50:03.473000',65,1),
(322,'입장','2022-02-17 10:51:12.122000',69,24),
(323,'퇴장','2022-02-17 10:52:36.917000',65,1),
(324,'생성','2022-02-17 11:02:12.724000',76,14),
(325,'생성','2022-02-17 11:06:21.179000',77,14),
(326,'입장','2022-02-17 11:37:47.257000',77,14),
(327,'퇴장','2022-02-17 11:37:57.790000',77,14),
(328,'입장','2022-02-17 11:53:19.294000',70,1),
(329,'입장','2022-02-17 13:07:50.061000',70,4),
(330,'퇴장','2022-02-17 13:07:55.023000',70,4),
(331,'입장','2022-02-17 13:07:59.076000',63,4),
(332,'퇴장','2022-02-17 13:08:03.053000',63,4),
(333,'입장','2022-02-17 13:11:11.366000',63,38),
(334,'퇴장','2022-02-17 13:12:57.384000',63,38),
(335,'입장','2022-02-17 13:22:00.781000',63,1),
(336,'퇴장','2022-02-17 13:24:25.722000',63,1),
(337,'입장','2022-02-17 13:37:52.767000',72,89),
(338,'입장','2022-02-17 13:38:09.649000',72,90),
(339,'입장','2022-02-17 13:38:13.393000',72,88),
(340,'입장','2022-02-17 13:38:29.443000',72,91),
(341,'입장','2022-02-17 13:46:00.663000',63,4),
(342,'퇴장','2022-02-17 13:46:15.215000',63,4),
(343,'퇴장','2022-02-17 13:46:39.080000',72,89),
(344,'생성','2022-02-17 13:50:18.598000',78,38),
(345,'입장','2022-02-17 13:50:38.789000',78,1),
(346,'퇴장','2022-02-17 13:50:44.656000',78,1),
(347,'입장','2022-02-17 13:50:46.663000',78,4),
(348,'퇴장','2022-02-17 13:51:00.747000',78,4),
(349,'입장','2022-02-17 13:52:19.728000',76,38),
(350,'입장','2022-02-17 13:52:30.107000',76,14),
(351,'입장','2022-02-17 13:52:31.003000',76,1),
(352,'입장','2022-02-17 13:52:32.645000',72,9),
(353,'퇴장','2022-02-17 13:52:38.941000',72,9),
(354,'입장','2022-02-17 13:52:48.146000',76,9),
(355,'퇴장','2022-02-17 13:53:30.686000',76,1),
(356,'생성','2022-02-17 13:53:48.467000',79,1),
(357,'퇴장','2022-02-17 13:54:07.508000',76,9),
(358,'입장','2022-02-17 13:57:34.436000',65,4),
(359,'생성','2022-02-17 13:59:26.199000',80,4),
(360,'생성','2022-02-17 14:00:20.229000',81,4),
(361,'퇴장','2022-02-17 14:00:37.911000',65,4),
(362,'입장','2022-02-17 14:01:02.906000',76,4),
(363,'입장','2022-02-17 14:01:21.098000',76,9),
(364,'생성','2022-02-17 14:01:22.366000',82,4),
(365,'입장','2022-02-17 14:01:27.770000',82,4),
(366,'퇴장','2022-02-17 14:01:39.163000',82,4),
(367,'퇴장','2022-02-17 14:02:07.713000',76,4),
(368,'입장','2022-02-17 14:02:30.500000',76,4),
(369,'퇴장','2022-02-17 14:02:54.411000',76,4),
(370,'입장','2022-02-17 14:03:03.473000',76,4),
(371,'입장','2022-02-17 14:03:29.529000',76,1),
(372,'입장','2022-02-17 14:09:12.976000',76,4),
(373,'퇴장','2022-02-17 14:11:10.031000',76,4),
(374,'입장','2022-02-17 14:11:28.969000',76,4),
(375,'퇴장','2022-02-17 14:13:41.607000',76,4),
(376,'입장','2022-02-17 14:14:24.143000',76,82),
(377,'퇴장','2022-02-17 14:16:16.387000',76,1),
(378,'퇴장','2022-02-17 14:16:18.015000',76,82),
(379,'입장','2022-02-17 14:16:28.878000',65,1),
(380,'입장','2022-02-17 14:16:48.260000',76,82),
(381,'입장','2022-02-17 14:19:42.381000',65,4),
(382,'퇴장','2022-02-17 14:21:45.907000',76,82),
(383,'퇴장','2022-02-17 14:21:46.977000',76,38),
(384,'퇴장','2022-02-17 14:21:48.552000',76,14),
(385,'퇴장','2022-02-17 14:21:50.624000',76,9),
(386,'퇴장','2022-02-17 14:21:52.052000',76,4),
(387,'입장','2022-02-17 14:22:33.660000',72,82),
(388,'퇴장','2022-02-17 14:22:36.640000',72,82),
(389,'입장','2022-02-17 14:23:13.207000',66,38),
(390,'입장','2022-02-17 14:23:26.096000',66,38),
(391,'입장','2022-02-17 14:23:37.993000',66,38),
(392,'입장','2022-02-17 14:23:54.039000',66,38),
(393,'입장','2022-02-17 14:24:05.824000',66,38),
(394,'퇴장','2022-02-17 14:32:08.647000',66,38),
(395,'퇴장','2022-02-17 14:34:36.423000',65,4),
(396,'입장','2022-02-17 14:35:03.669000',66,38),
(397,'퇴장','2022-02-17 14:36:02.558000',66,38),
(398,'퇴장','2022-02-17 14:36:54.458000',66,38),
(399,'입장','2022-02-17 14:36:58.943000',65,4),
(400,'퇴장','2022-02-17 14:37:13.343000',66,38),
(401,'퇴장','2022-02-17 14:37:29.797000',65,4),
(402,'퇴장','2022-02-17 14:39:19.083000',66,38),
(403,'입장','2022-02-17 14:46:15.961000',66,1),
(404,'입장','2022-02-17 14:46:39.478000',69,85),
(405,'퇴장','2022-02-17 14:46:58.281000',69,85),
(406,'입장','2022-02-17 14:47:06.332000',69,85),
(407,'퇴장','2022-02-17 14:47:23.259000',66,1),
(408,'퇴장','2022-02-17 14:47:44.057000',69,85),
(409,'입장','2022-02-17 14:47:58.080000',65,4),
(410,'퇴장','2022-02-17 14:48:15.201000',66,38),
(411,'퇴장','2022-02-17 14:48:21.349000',65,4),
(412,'입장','2022-02-17 14:49:14.882000',65,1),
(413,'퇴장','2022-02-17 14:49:33.162000',65,1),
(414,'입장','2022-02-17 15:02:54.289000',81,4),
(415,'입장','2022-02-17 15:03:04.230000',81,85),
(416,'입장','2022-02-17 15:03:12.759000',81,9),
(417,'입장','2022-02-17 15:03:30.845000',81,38),
(418,'입장','2022-02-17 15:03:42.523000',81,1),
(419,'입장','2022-02-17 15:04:03.176000',81,14),
(420,'퇴장','2022-02-17 15:12:21.337000',81,85),
(421,'퇴장','2022-02-17 15:12:26.760000',81,9),
(422,'입장','2022-02-17 15:12:34.688000',81,4),
(423,'입장','2022-02-17 15:12:34.690000',81,14),
(424,'입장','2022-02-17 15:12:36.743000',81,85),
(425,'입장','2022-02-17 15:12:44.976000',65,9),
(426,'퇴장','2022-02-17 15:12:50.059000',65,9),
(427,'퇴장','2022-02-17 15:12:54.336000',81,14),
(428,'퇴장','2022-02-17 15:12:58.902000',81,4),
(429,'퇴장','2022-02-17 15:12:59.224000',81,85),
(430,'퇴장','2022-02-17 15:12:59.313000',81,38),
(431,'입장','2022-02-17 15:13:11.962000',80,38),
(432,'입장','2022-02-17 15:13:14.224000',80,85),
(433,'입장','2022-02-17 15:13:14.461000',80,9),
(434,'입장','2022-02-17 15:13:16.623000',80,4),
(435,'입장','2022-02-17 15:13:18.822000',80,14),
(436,'입장','2022-02-17 15:13:19.362000',80,1),
(437,'퇴장','2022-02-17 15:31:32.009000',80,1),
(438,'입장','2022-02-17 15:31:40.543000',66,4),
(439,'퇴장','2022-02-17 15:32:15.586000',80,9),
(440,'퇴장','2022-02-17 15:33:19.518000',80,14),
(441,'퇴장','2022-02-17 15:33:30.032000',80,38),
(442,'퇴장','2022-02-17 15:33:30.837000',80,85),
(443,'퇴장','2022-02-17 15:33:33.231000',80,4),
(444,'입장','2022-02-17 15:34:59.337000',63,14),
(445,'입장','2022-02-17 15:45:11.853000',70,14),
(446,'퇴장','2022-02-17 15:48:02.104000',70,14),
(447,'입장','2022-02-17 15:48:05.255000',70,14),
(448,'퇴장','2022-02-17 15:48:21.968000',70,14),
(449,'입장','2022-02-17 15:48:27.911000',70,14),
(450,'입장','2022-02-17 15:51:08.827000',70,14),
(451,'퇴장','2022-02-17 15:51:39.108000',70,14),
(452,'입장','2022-02-17 15:52:02.354000',63,4),
(453,'퇴장','2022-02-17 15:52:06.199000',63,4),
(454,'입장','2022-02-17 15:52:06.874000',79,4),
(455,'입장','2022-02-17 15:52:11.894000',79,38),
(456,'입장','2022-02-17 15:52:15.706000',79,14),
(457,'입장','2022-02-17 15:52:22.340000',79,9),
(458,'입장','2022-02-17 15:52:59.420000',79,1),
(459,'퇴장','2022-02-17 15:53:08.680000',79,38),
(460,'퇴장','2022-02-17 15:53:09.657000',79,4),
(461,'퇴장','2022-02-17 15:53:12.040000',79,1),
(462,'퇴장','2022-02-17 15:53:14.832000',79,14),
(463,'퇴장','2022-02-17 15:53:16.871000',79,9),
(464,'생성','2022-02-17 15:53:40.874000',83,4),
(465,'입장','2022-02-17 15:53:44.162000',83,4),
(466,'입장','2022-02-17 15:54:02.713000',83,9),
(467,'입장','2022-02-17 15:54:03.804000',83,38),
(468,'입장','2022-02-17 15:54:05.484000',83,1),
(469,'입장','2022-02-17 15:54:06.273000',83,85),
(470,'입장','2022-02-17 15:54:08.264000',83,14),
(471,'퇴장','2022-02-17 16:02:31.477000',83,1),
(472,'퇴장','2022-02-17 16:02:34.792000',83,14),
(473,'퇴장','2022-02-17 16:02:35.434000',83,85),
(474,'퇴장','2022-02-17 16:02:36.958000',83,38),
(475,'입장','2022-02-17 16:02:37.572000',65,4),
(476,'입장','2022-02-17 16:02:51.381000',83,85),
(477,'입장','2022-02-17 16:03:04.716000',71,14),
(478,'입장','2022-02-17 16:03:08.751000',71,38),
(479,'퇴장','2022-02-17 16:03:11.347000',65,4),
(480,'입장','2022-02-17 16:03:18.134000',71,4),
(481,'퇴장','2022-02-17 16:06:37.437000',71,4),
(482,'입장','2022-02-17 16:06:43.327000',71,1),
(483,'퇴장','2022-02-17 16:07:07.360000',83,4),
(484,'입장','2022-02-17 16:07:21.623000',71,4),
(485,'입장','2022-02-17 16:07:30.024000',71,85),
(486,'퇴장','2022-02-17 16:08:12.251000',71,4),
(487,'입장','2022-02-17 16:08:17.046000',83,4),
(488,'퇴장','2022-02-17 16:08:41.639000',71,85),
(489,'퇴장','2022-02-17 16:10:01.494000',71,38),
(490,'퇴장','2022-02-17 16:10:02.221000',71,1),
(491,'퇴장','2022-02-17 16:10:02.532000',71,14),
(492,'입장','2022-02-17 16:10:07.296000',83,1),
(493,'입장','2022-02-17 16:10:08.290000',83,38),
(494,'입장','2022-02-17 16:10:11.600000',83,14),
(495,'퇴장','2022-02-17 16:11:18.327000',83,1),
(496,'퇴장','2022-02-17 16:11:19.952000',83,4),
(497,'퇴장','2022-02-17 16:11:23.037000',83,38),
(498,'퇴장','2022-02-17 16:11:23.576000',83,14),
(499,'생성','2022-02-17 16:11:45.365000',84,4),
(500,'입장','2022-02-17 16:11:48.574000',63,4),
(501,'입장','2022-02-17 16:11:48.711000',84,4),
(502,'퇴장','2022-02-17 16:12:07.338000',63,4),
(503,'퇴장','2022-02-17 16:12:09.900000',84,4),
(504,'퇴장','2022-02-17 16:12:18.291000',83,85),
(505,'퇴장','2022-02-17 16:12:20.757000',83,9),
(506,'입장','2022-02-17 16:13:03.687000',81,4),
(507,'퇴장','2022-02-17 16:13:15.453000',81,4),
(508,'생성','2022-02-17 16:14:24.042000',85,4),
(509,'입장','2022-02-17 16:14:29.102000',85,4),
(510,'입장','2022-02-17 16:14:41.074000',85,85),
(511,'입장','2022-02-17 16:14:46.986000',71,14),
(512,'입장','2022-02-17 16:14:48.234000',71,1),
(513,'입장','2022-02-17 16:14:48.609000',71,38),
(514,'입장','2022-02-17 16:14:53.088000',85,9),
(515,'퇴장','2022-02-17 16:15:56.467000',71,1),
(516,'퇴장','2022-02-17 16:15:59.761000',71,14),
(517,'퇴장','2022-02-17 16:16:00.251000',71,38),
(518,'입장','2022-02-17 16:16:04.557000',85,38),
(519,'입장','2022-02-17 16:16:10.150000',85,14),
(520,'입장','2022-02-17 16:16:10.459000',85,1),
(521,'퇴장','2022-02-17 16:20:21.262000',85,1),
(522,'입장','2022-02-17 16:20:30.378000',65,4),
(523,'퇴장','2022-02-17 16:23:09.351000',85,14),
(524,'퇴장','2022-02-17 16:23:21.098000',85,38),
(525,'입장','2022-02-17 16:24:14.241000',85,14),
(526,'퇴장','2022-02-17 16:25:16.456000',85,9),
(527,'퇴장','2022-02-17 16:27:28.133000',85,4),
(528,'퇴장','2022-02-17 16:27:32.299000',85,14),
(529,'입장','2022-02-17 16:27:38.264000',67,38),
(530,'퇴장','2022-02-17 16:27:43.891000',67,38),
(531,'퇴장','2022-02-17 16:28:21.480000',85,85),
(532,'입장','2022-02-17 16:28:39.583000',67,38),
(533,'입장','2022-02-17 16:29:55.808000',63,4),
(534,'퇴장','2022-02-17 16:30:24.972000',67,38),
(535,'퇴장','2022-02-17 16:30:54.993000',65,4),
(536,'입장','2022-02-17 16:31:02.175000',63,4),
(537,'생성','2022-02-17 16:39:35.629000',86,14),
(538,'입장','2022-02-17 16:39:40.022000',86,14),
(539,'입장','2022-02-17 16:40:47.471000',86,82),
(540,'퇴장','2022-02-17 16:40:59.824000',86,82),
(541,'퇴장','2022-02-17 16:41:02.424000',86,14),
(542,'입장','2022-02-17 16:45:39.598000',66,1),
(543,'입장','2022-02-17 16:45:40.556000',66,14),
(544,'퇴장','2022-02-17 16:50:27.897000',66,1),
(545,'퇴장','2022-02-17 16:50:33.777000',66,14),
(546,'생성','2022-02-17 17:19:05.475000',87,1),
(547,'입장','2022-02-17 17:20:26.578000',87,1),
(548,'입장','2022-02-17 17:20:40.868000',81,4),
(549,'퇴장','2022-02-17 17:22:46.149000',87,1),
(550,'입장','2022-02-17 17:24:21.203000',81,1),
(551,'입장','2022-02-17 17:24:28.357000',81,38),
(552,'퇴장','2022-02-17 17:25:18.870000',81,4),
(553,'퇴장','2022-02-17 17:25:21.415000',81,38),
(554,'퇴장','2022-02-17 17:25:21.708000',81,1),
(555,'생성','2022-02-17 17:25:32.807000',88,4),
(556,'입장','2022-02-17 17:25:36.588000',88,4),
(557,'입장','2022-02-17 17:25:46.065000',88,9),
(558,'입장','2022-02-17 17:25:51.624000',88,38),
(559,'입장','2022-02-17 17:25:52.498000',88,1),
(560,'입장','2022-02-17 17:26:02.095000',88,85),
(561,'퇴장','2022-02-17 17:29:36.056000',88,85),
(562,'입장','2022-02-17 17:29:49.922000',88,85),
(563,'입장','2022-02-17 17:46:20.575000',88,4),
(564,'퇴장','2022-02-17 17:46:42.019000',88,1),
(565,'퇴장','2022-02-17 17:47:51.344000',88,38),
(566,'퇴장','2022-02-17 17:47:52.300000',88,9),
(567,'퇴장','2022-02-17 17:47:53.181000',88,4),
(568,'퇴장','2022-02-17 17:47:54.159000',88,4),
(569,'입장','2022-02-17 17:48:22.900000',88,9),
(570,'퇴장','2022-02-17 17:48:26.482000',88,9),
(571,'입장','2022-02-17 17:48:35.782000',88,4),
(572,'입장','2022-02-17 17:48:37.235000',88,4),
(573,'퇴장','2022-02-17 17:48:38.400000',88,4),
(574,'입장','2022-02-17 17:48:39.487000',88,9),
(575,'퇴장','2022-02-17 17:48:43.471000',88,9),
(576,'퇴장','2022-02-17 17:48:44.780000',88,4),
(577,'입장','2022-02-17 19:26:15.990000',88,4),
(578,'입장','2022-02-17 19:27:36.243000',88,4),
(579,'퇴장','2022-02-17 19:32:02.495000',88,4),
(580,'퇴장','2022-02-17 19:32:10.651000',88,4),
(581,'입장','2022-02-17 20:12:32.683000',88,85),
(582,'퇴장','2022-02-17 20:12:38.761000',88,85),
(583,'입장','2022-02-17 20:12:42.806000',88,85),
(584,'퇴장','2022-02-17 20:12:50.290000',88,85),
(585,'생성','2022-02-17 20:13:05.333000',89,85),
(586,'입장','2022-02-17 20:13:10.100000',89,85),
(587,'입장','2022-02-17 20:13:24.171000',89,4),
(588,'퇴장','2022-02-17 20:13:36.427000',89,4),
(589,'입장','2022-02-17 20:14:22.314000',89,4),
(590,'퇴장','2022-02-17 20:18:09.612000',89,85),
(591,'입장','2022-02-17 20:18:24.614000',89,85),
(592,'퇴장','2022-02-17 20:18:28.387000',89,85),
(593,'퇴장','2022-02-17 20:27:08.359000',89,85),
(594,'생성','2022-02-17 20:27:16.084000',90,85),
(595,'입장','2022-02-17 20:27:21.222000',90,85),
(596,'입장','2022-02-17 20:28:00.498000',90,4),
(597,'퇴장','2022-02-17 20:28:21.254000',90,4),
(598,'퇴장','2022-02-17 20:28:34.496000',90,85),
(599,'퇴장','2022-02-17 20:31:06.449000',67,4),
(600,'생성','2022-02-17 20:31:50.237000',91,4),
(601,'입장','2022-02-17 20:32:01.893000',91,4),
(602,'입장','2022-02-17 20:32:18.063000',91,85),
(603,'퇴장','2022-02-17 20:32:27.575000',91,4),
(604,'퇴장','2022-02-17 20:32:33.903000',91,85),
(605,'생성','2022-02-17 20:44:47.245000',92,4),
(606,'퇴장','2022-02-17 20:45:39.077000',92,4),
(607,'생성','2022-02-17 20:45:52.238000',93,4),
(608,'입장','2022-02-17 20:46:04.253000',93,4),
(609,'퇴장','2022-02-17 20:46:09.241000',93,4),
(610,'생성','2022-02-17 20:46:58.767000',94,4),
(611,'생성','2022-02-17 20:47:27.653000',95,4),
(612,'입장','2022-02-17 20:47:32.135000',95,4),
(613,'퇴장','2022-02-17 20:47:35.780000',95,4),
(614,'생성','2022-02-17 20:49:48.439000',96,4),
(615,'생성','2022-02-17 20:57:21.969000',97,4),
(616,'입장','2022-02-17 20:57:32.875000',97,4),
(617,'퇴장','2022-02-17 20:57:36.866000',97,4),
(618,'생성','2022-02-17 20:57:51.379000',98,4),
(619,'생성','2022-02-17 20:59:23.379000',99,4),
(620,'입장','2022-02-17 20:59:49.465000',99,4),
(621,'퇴장','2022-02-17 20:59:54.174000',99,4),
(622,'생성','2022-02-17 21:00:02.809000',100,4),
(623,'입장','2022-02-17 21:00:11.002000',100,4),
(624,'퇴장','2022-02-17 21:00:14.479000',100,4),
(625,'생성','2022-02-17 21:00:25.342000',101,4),
(626,'생성','2022-02-17 21:03:37.835000',102,4),
(627,'생성','2022-02-17 21:04:04.822000',103,4),
(628,'입장','2022-02-17 21:04:27.459000',103,4),
(629,'퇴장','2022-02-17 21:04:31.897000',103,4),
(630,'퇴장','2022-02-17 21:09:01.501000',102,38),
(631,'퇴장','2022-02-17 21:09:27.402000',102,38),
(632,'퇴장','2022-02-17 21:09:37.352000',102,14),
(633,'퇴장','2022-02-17 21:09:55.218000',102,9),
(634,'퇴장','2022-02-17 21:10:29.913000',102,9),
(635,'퇴장','2022-02-17 21:11:12.556000',65,38),
(636,'퇴장','2022-02-17 21:11:26.856000',102,1),
(637,'퇴장','2022-02-17 21:11:26.982000',63,38),
(638,'퇴장','2022-02-17 21:11:40.891000',72,1),
(639,'생성','2022-02-17 21:11:47.298000',104,14),
(640,'입장','2022-02-17 21:11:49.912000',104,14),
(641,'퇴장','2022-02-17 21:11:53.770000',72,38),
(642,'입장','2022-02-17 21:12:00.262000',104,1),
(643,'입장','2022-02-17 21:12:01.184000',104,9),
(644,'생성','2022-02-17 21:12:10.083000',105,38),
(645,'입장','2022-02-17 21:12:14.223000',105,38),
(646,'퇴장','2022-02-17 21:14:05.413000',105,38),
(647,'생성','2022-02-17 21:14:41.298000',106,38),
(648,'입장','2022-02-17 21:14:44.855000',106,38),
(649,'퇴장','2022-02-17 21:14:54.369000',106,38),
(650,'퇴장','2022-02-17 21:15:37.329000',104,1),
(651,'퇴장','2022-02-17 21:16:13.202000',104,9),
(652,'생성','2022-02-17 21:16:39.510000',107,38),
(653,'입장','2022-02-17 21:16:43.666000',107,38),
(654,'퇴장','2022-02-17 21:18:28.280000',104,14),
(655,'입장','2022-02-17 21:20:01.502000',71,4),
(656,'퇴장','2022-02-17 21:20:05.429000',71,4),
(657,'입장','2022-02-17 21:20:09.828000',71,4),
(658,'퇴장','2022-02-17 21:20:13.062000',71,4),
(659,'퇴장','2022-02-17 21:20:26.467000',92,9),
(660,'생성','2022-02-17 21:52:31.566000',108,4),
(661,'입장','2022-02-17 21:53:04.399000',108,4),
(662,'퇴장','2022-02-17 21:53:09.241000',108,4),
(663,'생성','2022-02-17 21:55:23.300000',109,4),
(664,'입장','2022-02-17 21:55:23.808000',109,4),
(665,'입장','2022-02-17 21:55:50.496000',109,4),
(666,'퇴장','2022-02-17 21:56:00.370000',109,4),
(667,'퇴장','2022-02-17 21:56:18.680000',109,4),
(668,'퇴장','2022-02-17 21:56:38.516000',107,4),
(669,'생성','2022-02-17 21:58:37.209000',110,4),
(670,'입장','2022-02-17 21:58:41.325000',110,4),
(671,'입장','2022-02-17 22:00:01.829000',110,4),
(672,'퇴장','2022-02-17 22:00:07.595000',110,4),
(673,'입장','2022-02-17 22:36:34.154000',110,4),
(674,'퇴장','2022-02-17 22:36:38.046000',110,4),
(675,'입장','2022-02-17 22:36:51.476000',110,4),
(676,'퇴장','2022-02-17 22:36:54.361000',110,4),
(677,'퇴장','2022-02-17 22:37:21.721000',110,4),
(678,'생성','2022-02-17 22:37:50.422000',111,4),
(679,'입장','2022-02-17 22:37:50.979000',111,4),
(680,'퇴장','2022-02-17 22:38:10.559000',111,4),
(681,'생성','2022-02-17 22:41:06.043000',112,4),
(682,'입장','2022-02-17 22:41:06.512000',112,4),
(683,'입장','2022-02-17 22:41:33.228000',112,4),
(684,'퇴장','2022-02-17 22:41:44.123000',112,4),
(685,'퇴장','2022-02-17 22:41:49.423000',112,4),
(686,'생성','2022-02-17 22:42:44.163000',113,4),
(687,'입장','2022-02-17 22:42:44.619000',113,4),
(688,'퇴장','2022-02-17 22:42:49.161000',113,4),
(689,'생성','2022-02-17 22:51:38.234000',114,85),
(690,'입장','2022-02-17 22:51:38.438000',114,85),
(691,'퇴장','2022-02-17 22:51:47.585000',114,85),
(692,'생성','2022-02-17 22:52:01.395000',115,38),
(693,'입장','2022-02-17 22:52:16.980000',115,38),
(694,'퇴장','2022-02-17 22:52:47.286000',115,38),
(695,'퇴장','2022-02-17 22:53:19.523000',107,14),
(696,'생성','2022-02-17 22:53:30.831000',116,38),
(697,'입장','2022-02-17 22:53:33.465000',116,38),
(698,'입장','2022-02-17 22:53:47.893000',116,14),
(699,'퇴장','2022-02-17 22:54:04.403000',116,14),
(700,'생성','2022-02-17 22:57:04.642000',117,85),
(701,'입장','2022-02-17 22:57:04.941000',117,85),
(702,'퇴장','2022-02-17 22:57:09.287000',117,85),
(703,'입장','2022-02-17 23:00:18.702000',116,85),
(704,'퇴장','2022-02-17 23:00:29.401000',116,85),
(705,'입장','2022-02-17 23:00:39.334000',116,85),
(706,'퇴장','2022-02-17 23:00:49.163000',116,85),
(707,'입장','2022-02-17 23:06:56.767000',116,14),
(708,'입장','2022-02-17 23:07:08.971000',116,4),
(709,'퇴장','2022-02-17 23:11:08.246000',116,14),
(710,'입장','2022-02-17 23:19:25.870000',116,4),
(711,'퇴장','2022-02-17 23:19:43.185000',116,38),
(712,'생성','2022-02-17 23:20:25.849000',118,38),
(713,'생성','2022-02-17 23:22:17.062000',119,38),
(714,'입장','2022-02-17 23:22:17.437000',119,38),
(715,'입장','2022-02-17 23:23:00.954000',119,14),
(716,'퇴장','2022-02-17 23:23:15.605000',119,14),
(717,'퇴장','2022-02-17 23:23:31.858000',119,38),
(718,'퇴장','2022-02-18 00:25:41.149000',92,9),
(719,'퇴장','2022-02-18 00:43:40.135000',118,82),
(720,'퇴장','2022-02-18 00:50:46.371000',116,4),
(721,'퇴장','2022-02-18 00:50:52.355000',116,4),
(722,'퇴장','2022-02-18 00:51:06.637000',118,4),
(723,'퇴장','2022-02-18 00:51:35.482000',118,4),
(724,'퇴장','2022-02-18 01:32:45.348000',118,38),
(725,'생성','2022-02-18 01:33:10.013000',120,38),
(726,'입장','2022-02-18 01:33:10.163000',120,38),
(727,'입장','2022-02-18 01:34:43.201000',120,38),
(728,'퇴장','2022-02-18 01:36:44.539000',120,38),
(729,'퇴장','2022-02-18 01:40:08.581000',120,38),
(730,'퇴장','2022-02-18 01:54:23.601000',118,38),
(731,'생성','2022-02-18 01:54:43.397000',121,38),
(732,'입장','2022-02-18 01:54:43.547000',121,38),
(733,'퇴장','2022-02-18 01:55:22.732000',121,38),
(734,'퇴장','2022-02-18 02:33:18.526000',118,92),
(735,'퇴장','2022-02-18 02:33:48.175000',118,92),
(736,'생성','2022-02-18 02:33:59.549000',122,92),
(737,'입장','2022-02-18 02:33:59.707000',122,92),
(738,'퇴장','2022-02-18 02:58:07.784000',122,92),
(739,'퇴장','2022-02-18 03:14:58.696000',118,92),
(740,'퇴장','2022-02-18 10:09:07.255000',101,4),
(741,'퇴장','2022-02-18 10:09:19.281000',101,4),
(742,'퇴장','2022-02-18 10:09:25.284000',101,9),
(743,'퇴장','2022-02-18 10:09:28.462000',101,38),
(744,'생성','2022-02-18 10:09:42.269000',123,38),
(745,'입장','2022-02-18 10:09:42.426000',123,38),
(746,'생성','2022-02-18 10:09:45.841000',124,4),
(747,'입장','2022-02-18 10:09:46.085000',124,4),
(748,'퇴장','2022-02-18 10:09:49.922000',124,4),
(749,'입장','2022-02-18 10:09:54.021000',123,4),
(750,'입장','2022-02-18 10:09:54.621000',123,9),
(751,'입장','2022-02-18 10:09:55.464000',123,14),
(752,'입장','2022-02-18 10:10:03.593000',123,92),
(753,'입장','2022-02-18 10:10:14.778000',123,4),
(754,'퇴장','2022-02-18 10:10:55.147000',123,92),
(755,'퇴장','2022-02-18 10:13:14.563000',123,4),
(756,'입장','2022-02-18 10:14:09.627000',123,85),
(757,'생성','2022-02-18 10:15:56.986000',125,92),
(758,'입장','2022-02-18 10:15:57.169000',125,92),
(759,'퇴장','2022-02-18 10:17:06.949000',125,92),
(760,'입장','2022-02-18 10:17:15.554000',123,92),
(761,'퇴장','2022-02-18 10:23:52.338000',123,92),
(762,'퇴장','2022-02-18 10:24:21.657000',123,85),
(763,'퇴장','2022-02-18 10:24:44.859000',123,4),
(764,'퇴장','2022-02-18 10:24:47.071000',123,14),
(765,'퇴장','2022-02-18 10:24:48.467000',123,38),
(766,'퇴장','2022-02-18 10:24:49.279000',123,9),
(767,'퇴장','2022-02-18 10:25:06.725000',123,85),
(768,'생성','2022-02-18 10:32:31.899000',126,1),
(769,'입장','2022-02-18 10:32:32.283000',126,1),
(770,'입장','2022-02-18 10:33:01.290000',126,4),
(771,'입장','2022-02-18 10:33:03.597000',126,38),
(772,'입장','2022-02-18 10:33:09.934000',126,9),
(773,'입장','2022-02-18 10:33:23.201000',126,85),
(774,'입장','2022-02-18 10:33:34.894000',126,14),
(775,'퇴장','2022-02-18 10:34:18.527000',126,1),
(776,'입장','2022-02-18 10:34:25.568000',126,1),
(777,'퇴장','2022-02-18 10:35:02.427000',126,1),
(778,'입장','2022-02-18 10:35:07.063000',126,1),
(779,'퇴장','2022-02-18 10:35:07.265000',126,85),
(780,'입장','2022-02-18 10:35:11.825000',126,85),
(781,'퇴장','2022-02-18 10:35:25.309000',126,1),
(782,'입장','2022-02-18 10:35:47.960000',126,1),
(783,'퇴장','2022-02-18 10:36:39.015000',126,4),
(784,'퇴장','2022-02-18 10:40:10.081000',126,1),
(785,'입장','2022-02-18 10:47:46.334000',126,92),
(786,'퇴장','2022-02-18 10:47:55.369000',126,85),
(787,'퇴장','2022-02-18 10:47:56.083000',126,14),
(788,'퇴장','2022-02-18 10:48:10.162000',126,38),
(789,'입장','2022-02-18 10:48:27.248000',126,38),
(790,'입장','2022-02-18 10:48:28.447000',126,85),
(791,'퇴장','2022-02-18 10:48:29.540000',126,9),
(792,'입장','2022-02-18 10:48:31.940000',126,14),
(793,'입장','2022-02-18 10:48:43.463000',126,9),
(794,'퇴장','2022-02-18 10:48:58.746000',126,92),
(795,'입장','2022-02-18 10:48:59.918000',126,4),
(796,'퇴장','2022-02-18 10:51:38.049000',126,85),
(797,'입장','2022-02-18 10:54:23.965000',126,85),
(798,'입장','2022-02-18 11:01:06.333000',126,9),
(799,'생성','2022-02-18 11:01:06.333000',127,92),
(800,'입장','2022-02-18 11:01:06.510000',127,92),
(801,'퇴장','2022-02-18 11:02:44.503000',127,92),
(802,'입장','2022-02-18 11:02:54.034000',126,92),
(803,'입장','2022-02-18 11:04:43.757000',126,4),
(804,'퇴장','2022-02-18 11:05:49.394000',126,4),
(805,'입장','2022-02-18 11:06:13.792000',126,85),
(806,'퇴장','2022-02-18 11:08:53.069000',126,92),
(807,'퇴장','2022-02-18 11:12:45.607000',126,9),
(808,'퇴장','2022-02-18 11:16:45.904000',126,38);

/*Table structure for table `message` */

DROP TABLE IF EXISTS `message`;

CREATE TABLE `message` (
  `message_id` bigint NOT NULL AUTO_INCREMENT,
  `message` varchar(255) COLLATE utf8mb4_unicode_ci DEFAULT NULL,
  `chat_room_id` bigint DEFAULT NULL,
  `user_id` bigint DEFAULT NULL,
  PRIMARY KEY (`message_id`),
  KEY `FK5i8ac68n051032d9ga7gg6i85` (`chat_room_id`),
  KEY `FKb3y6etti1cfougkdr0qiiemgv` (`user_id`),
  CONSTRAINT `FK5i8ac68n051032d9ga7gg6i85` FOREIGN KEY (`chat_room_id`) REFERENCES `chat_room` (`chat_room_id`),
  CONSTRAINT `FKb3y6etti1cfougkdr0qiiemgv` FOREIGN KEY (`user_id`) REFERENCES `user` (`id`)
) ENGINE=InnoDB AUTO_INCREMENT=440 DEFAULT CHARSET=utf8mb4 COLLATE=utf8mb4_unicode_ci;

/*Data for the table `message` */

/*Table structure for table `region` */

DROP TABLE IF EXISTS `region`;

CREATE TABLE `region` (
  `region_id` bigint NOT NULL AUTO_INCREMENT,
  `name` varchar(255) COLLATE utf8mb4_unicode_ci DEFAULT NULL,
  PRIMARY KEY (`region_id`)
) ENGINE=InnoDB AUTO_INCREMENT=18 DEFAULT CHARSET=utf8mb4 COLLATE=utf8mb4_unicode_ci;

/*Data for the table `region` */

insert  into `region`(`region_id`,`name`) values 
(1,'서울'),
(2,'부산'),
(3,'대구'),
(4,'인천'),
(5,'광주'),
(6,'대전'),
(7,'울산'),
(8,'세종'),
(9,'경기'),
(10,'강원'),
(11,'충북'),
(12,'충남'),
(13,'전북'),
(14,'전남'),
(15,'경북'),
(16,'경남'),
(17,'제주');

/*Table structure for table `user` */

DROP TABLE IF EXISTS `user`;

CREATE TABLE `user` (
  `id` bigint NOT NULL AUTO_INCREMENT,
  `user_id` varchar(255) COLLATE utf8mb4_unicode_ci NOT NULL,
  `password` varchar(255) COLLATE utf8mb4_unicode_ci DEFAULT NULL,
  `nickname` varchar(255) COLLATE utf8mb4_unicode_ci NOT NULL,
  `email` varchar(255) COLLATE utf8mb4_unicode_ci NOT NULL,
  `birth_date` date NOT NULL,
  `description` varchar(255) COLLATE utf8mb4_unicode_ci DEFAULT NULL,
  `gender` char(1) COLLATE utf8mb4_unicode_ci NOT NULL,
  `phone` varchar(255) COLLATE utf8mb4_unicode_ci DEFAULT NULL,
  `reg_date` datetime(6) NOT NULL,
  `region_id` bigint NOT NULL,
  `fcm_token` varchar(255) COLLATE utf8mb4_unicode_ci DEFAULT NULL,
  `provider` varchar(100) COLLATE utf8mb4_unicode_ci DEFAULT NULL,
  `user_img_id` bigint DEFAULT NULL,
  PRIMARY KEY (`id`),
  UNIQUE KEY `UK_a3imlf41l37utmxiquukk8ajc` (`user_id`),
  KEY `FKt4enlxyfjstamura4y1p3wtor` (`region_id`),
  KEY `FKk4ukxsxpyfuawiflmo61h53lp` (`user_img_id`),
  CONSTRAINT `FKk4ukxsxpyfuawiflmo61h53lp` FOREIGN KEY (`user_img_id`) REFERENCES `user_img` (`user_img_id`),
  CONSTRAINT `FKt4enlxyfjstamura4y1p3wtor` FOREIGN KEY (`region_id`) REFERENCES `region` (`region_id`)
) ENGINE=InnoDB AUTO_INCREMENT=95 DEFAULT CHARSET=utf8mb4 COLLATE=utf8mb4_unicode_ci;

/*Data for the table `user` */

insert  into `user`(`id`,`user_id`,`password`,`nickname`,`email`,`birth_date`,`description`,`gender`,`phone`,`reg_date`,`region_id`,`fcm_token`,`provider`,`user_img_id`) values 
(1,'ayoung0924','$2a$10$KNc89bDtTBeGparg8.9MQO4lhAQrroombl10K0tpCynwgEe8UO742','성아영2','ayoung092@naver.com','1997-10-25','안녕하새우','F','010-5473-2511','2022-01-24 14:53:18.304000',2,'fBCqvawXACcrkm_Y_rbFyh:APA91bGWCTPRVRX0QRHYuKz0RS0sSb5fas0E5qfLxdVF1D_wLjplM7Xd408g1tEAsQPZS_hgpgl6KFhP3VawOj5GIkG0eIwz2C_OYIFJP3URQDqXnP-dDywKGNRE5kLS4Kk45LbpCc0t',NULL,NULL),
(4,'ssafy','$2a$10$H7X3DVyqjKzLB7RcOCeGmeQLWkdvqmkUi2MyaAslGMenljKUpcvmG','박싸피','ssafy@ssafy.com','2010-01-18','내가 제일 잘마셔','M','010-1234-5678','2022-01-25 11:18:02.587000',1,NULL,NULL,254),
(9,'yyyyy','$2a$10$6wi2t6OfyMbY5xjHHlR5YevlF50n3Fw1H5T0N63Z5NFGVxK.kJ2O.','석조킹','user@naver.com','1999-08-09','술 좋아해요','M','010-1234-5678','2022-01-26 16:36:23.812000',2,'fcIpNLsf7CnrRMtRfDjK5c:APA91bFnsOc44rNqMGhHzt7e1JBKBcCUzkO6Fv8QdBJjrEnmSGRrHmB5-Mlo1foXwOQN1bt6QW2L5y1eIWm44xwXjlV6PxBExjpOyEYQC-3iUolU44mB8kAXB_EzwmUc0-_Oe1CUWszI',NULL,243),
(14,'tndk4997','$2a$10$16xlufq3/q2yYazyGpZsxODA30emyZnEl2sn5AM9HNo8L.c8w1F/e','박수아','tndk4997@naver.com','1997-10-07','맥주를 좋아합니다','F','010-5771-2714','2022-01-31 01:53:33.479000',2,'feg2347wOSTlhOydyjEXpC:APA91bE7O-URHoLkoVKDnUoIizvQQBvfdxShINsr5yjIHMoyW8OOl53iTrczf4xlHHzF4V91FBYeW-TpM0kCKj5mwa3joVVWrGrccy6uUSrslGadg6zSw3TthImulL0EKQZq5lAwUBxf',NULL,224),
(24,'tndk4998','$2a$10$Og45FqEe0xHpDqUww6.40uGxg0POmpOR7v/xTCdawnr2NxrO4nRee','SUA','tndk4998@naver.com','1997-10-25','수아에요! 방가워요~','F','010-5473-2510','2022-02-03 02:22:52.572000',1,NULL,NULL,86),
(38,'sin50152433','$2a$10$YNK4H3Di7LEear7ApNyP8eObk./nso9bJjXoj1wgBPUFCFJ4NXrca','오딧세이','ayou09d24@naver.com','1969-02-07','안냥하새우후욱','M','010-5473-2511','2022-02-08 13:33:38.538000',3,NULL,NULL,257),
(82,'winckey0','$2a$10$9k/HNrvljU64Zr9fpE7tSe9JMrgAvjeP2CbFgK36MJ0iHDpBLZYJy','장현진','winckey0@naver.com','1970-02-04','방갑습니다. 잘 부탁드립니다.','M','010-6268-8888','2022-02-17 09:12:49.111000',2,NULL,NULL,250),
(83,'ghdrlfehd','$2a$10$7JUTztRc6FsuYpZmpbZ93O7iOb1HDtPR9I03Ii21gsdb5qJqoTpxS','홍길동','ghdrlfehd@naver.com','1987-05-06','여기서 여친 사귀고 싶어요~~','M','010-1234-1234','2022-02-17 09:16:24.053000',1,NULL,NULL,NULL),
(84,'rlacjftn','$2a$10$A8lJ3TgCrgKRyC3PFKAymu2n/Ge3nPkP5TPgrUJp//gEtI8YcSmnW','김철수','rlacjftn@naver.com','1985-02-01','투표해주세요 김철수!!','M','010-1111-1111','2022-02-17 09:22:33.688000',1,NULL,NULL,NULL),
(85,'kakao_2119016594',NULL,'박대언','mem29238@hanmail.net','1998-02-12','안녕하세요. 여기서 재밌게 놀고싶어요!!','M','010-9980-8070','2022-02-17 10:08:56.633000',2,'eTympPoZB4tLl9ImzEKFP6:APA91bFO9wHh9mRHeJ7CCA3VMIEx6zJjH6_BfEBLG_-KhHhgOAszEe_TocPbCtut3H93kJXRAbhOwmpIG0NCFo2baV4qfeqUX5eKP6yb6f18sPPMNlyUc6QcyPClHP_wa8INMrGf5iSQ','kakao',258),
(86,'wodud4997','$2a$10$3.tfb1K7irgZu5Zdrh1xauC/c2iY0jPWTnmHvk1Vtd7TYkW5VpLTu','도르마무','wodud4997@naver.com','1999-08-09','맥주를 좋아합니다','M','010-8603-2714','2022-02-17 11:22:24.548000',2,'ft443zXL-o8aGKaZVzE-ZZ:APA91bEzVnhr7KCs3oTyRmy-OXd9Lo4ltKxec9sGLVK3NW4gE0mUAEwy4hxXMfM-5Dr_WxRUhxonSo46c7HrB5BKMifef5i_dMJnvpcgECWn8bD5zASR0np_0xGcu0sKHZWJr2a3G67z',NULL,NULL),
(87,'d8685','$2a$10$Ozb2AVc7JrXFxLxyPNIQ8uBTkTeUqh.qwN0tiFl0tP7zRrL0UrFlu','테스트','tg8685@gmail.com','1991-09-01',NULL,'M','010-4449-8685','2022-02-17 13:35:20.670000',2,NULL,NULL,NULL),
(88,'kakao_2123640327',NULL,'우윤식','yun0522v@naver.com','1996-06-27',NULL,'M','010-4708-1756','2022-02-17 13:37:08.198000',7,NULL,'kakao',NULL),
(89,'postkim03','$2a$10$NCnqi8o3AyvhPejXMKQrd.m/tAnVACSK2Zst9Lv7zBePH1dYElxa2','Blackvill','postkim03@naver.com','1996-12-19',NULL,'M','010-8846-5326','2022-02-17 13:37:10.106000',2,NULL,NULL,NULL),
(90,'kakao_2123640539',NULL,'예찬군','redniche@naver.com','1998-05-20',NULL,'M','010-6532-8972','2022-02-17 13:37:24.118000',2,NULL,'kakao',NULL),
(91,'kakao_2123641331',NULL,'류기탁','zagring@naver.com','1996-11-05',NULL,'M','010-7514-0925','2022-02-17 13:37:46.824000',2,NULL,'kakao',NULL),
(92,'kakao_2119534136',NULL,'성아영','ayoung0924@naver.com','1997-10-25','배고파요~','F','010-5473-2511','2022-02-17 23:13:33.840000',2,'cKyPx8rxb3Iv9rq8RkcqNH:APA91bGKro-u1WYXyT2fY_f5E405EhBn8ZOR4PvBGV3B30uLoUE01onolHdJmf1TVOoNI5eTzvs5JUMmUaMYzNpLLaKs9EUXPNPC6MRpz-4NTnsIXoLEJe8mpXX_MQvOkLLiG23JfNyg','kakao',213),
(93,'kakao_2121557468',NULL,'박신영','sin5015243@naver.com','2022-02-11',NULL,'F','010-1234-5678','2022-02-18 01:31:25.582000',2,NULL,'kakao',NULL),
(94,'kakao_2119389767',NULL,'대박','mem29238@gmail.com','1979-03-03',NULL,'M','010-5535-7545','2022-02-18 11:12:37.684000',16,NULL,'kakao',NULL);

/*Table structure for table `user_img` */

DROP TABLE IF EXISTS `user_img`;

CREATE TABLE `user_img` (
  `user_img_id` bigint NOT NULL AUTO_INCREMENT,
  `file_content_type` varchar(255) COLLATE utf8mb4_unicode_ci DEFAULT NULL,
  `file_name` varchar(255) COLLATE utf8mb4_unicode_ci DEFAULT NULL,
  `file_size` bigint DEFAULT NULL,
  `file_url` varchar(255) COLLATE utf8mb4_unicode_ci DEFAULT NULL,
  `user_id` bigint DEFAULT NULL,
  PRIMARY KEY (`user_img_id`),
  KEY `FKivy2anbweqcs9djnggd6cfjy6` (`user_id`),
  CONSTRAINT `FKivy2anbweqcs9djnggd6cfjy6` FOREIGN KEY (`user_id`) REFERENCES `user` (`id`)
) ENGINE=InnoDB AUTO_INCREMENT=259 DEFAULT CHARSET=utf8mb4 COLLATE=utf8mb4_unicode_ci;

/*Data for the table `user_img` */

insert  into `user_img`(`user_img_id`,`file_content_type`,`file_name`,`file_size`,`file_url`,`user_id`) values 
(85,'image/jpeg','보노보노.jfif',62805,'67575d4a-7e1f-4191-b6ab-fce5a951a691.jfif',NULL),
(86,'image/png','빅모.png',8673,'4e928b6d-ae3a-48dc-a2bc-0db88b87ef1f.png',NULL),
(88,'image/png','free-icon-celebration-2424914.png',3681,'d0f5138f-5768-45ee-b4ce-cf57d85a4b16.png',NULL),
(213,'image/jpeg','download.jpg',16023,'fde1235e-b024-4f3e-af19-1e1cfb141380.jpg',NULL),
(224,'image/jpeg','우리집고양이.jpg',383537,'d433484c-5f90-4b1b-a549-5d9576f22a73.jpg',NULL),
(243,'image/png','장구.PNG',39107,'9ffc06eb-b267-4f9e-86b0-34f5737aef5f.PNG',NULL),
(250,'image/png','pngwing.com-removebg-preview.png',40670,'ee307076-9695-4068-beec-319301b23abf.png',NULL),
(254,'image/png','juyuso.png',5906,'bf1ccb39-430c-40b6-a85f-038850c87aaf.png',NULL),
(257,'image/png','핑구.PNG',382702,'50e036dd-8daa-4e3d-a4ac-24e153f41c20.PNG',NULL),
(258,'image/jpeg','스벅.jpg',4463,'2abb6c24-a3fb-48b2-88bd-ea947f52ce3d.jpg',NULL);

/*Table structure for table `user_meeting` */

DROP TABLE IF EXISTS `user_meeting`;

CREATE TABLE `user_meeting` (
  `user_meeting_id` bigint NOT NULL AUTO_INCREMENT,
  `meeting_id` bigint DEFAULT NULL,
  `user_id` bigint DEFAULT NULL,
  PRIMARY KEY (`user_meeting_id`),
  KEY `FK6nin1u48wao16blvnqfil9t5f` (`meeting_id`),
  KEY `FKpll20e5ohols6k1iwt0snxl3n` (`user_id`),
  CONSTRAINT `FK6nin1u48wao16blvnqfil9t5f` FOREIGN KEY (`meeting_id`) REFERENCES `meeting` (`meeting_id`),
  CONSTRAINT `FKpll20e5ohols6k1iwt0snxl3n` FOREIGN KEY (`user_id`) REFERENCES `user` (`id`)
) ENGINE=InnoDB DEFAULT CHARSET=utf8mb4 COLLATE=utf8mb4_unicode_ci;

/*Data for the table `user_meeting` */

/*Table structure for table `user_roles` */

DROP TABLE IF EXISTS `user_roles`;

CREATE TABLE `user_roles` (
  `user_id` bigint NOT NULL,
  `roles` varchar(255) COLLATE utf8mb4_unicode_ci DEFAULT NULL,
  KEY `FK55itppkw3i07do3h7qoclqd4k` (`user_id`),
  CONSTRAINT `FK55itppkw3i07do3h7qoclqd4k` FOREIGN KEY (`user_id`) REFERENCES `user` (`id`)
) ENGINE=InnoDB DEFAULT CHARSET=utf8mb4 COLLATE=utf8mb4_unicode_ci;

/*Data for the table `user_roles` */

/*!40101 SET SQL_MODE=@OLD_SQL_MODE */;
/*!40014 SET FOREIGN_KEY_CHECKS=@OLD_FOREIGN_KEY_CHECKS */;
/*!40014 SET UNIQUE_CHECKS=@OLD_UNIQUE_CHECKS */;
/*!40111 SET SQL_NOTES=@OLD_SQL_NOTES */;
